{
  "experiment": "Baseline vs Q-Learning vs PPO",
  "model": "llama-3.1-8b-instant",
  "timestamp": "2025-10-12T09:39:59.680168",
  "baseline": {
    "avg_score": 0.8400000000000002,
    "success_rate": 100.0
  },
  "qlearning": {
    "avg_score": 0.8800000000000001,
    "success_rate": 90.0,
    "improvement": 4.761904761904752
  },
  "ppo": {
    "avg_score": 0.8400000000000002,
    "success_rate": 90.0,
    "improvement": 0.0
  },
  "training_rounds": {
    "qlearning": 20,
    "ppo": 20
  }
}